accession_tag,md5,new_md5
SBS000330,8b24960f9e0c3cd42d2661ce3aebffb9,9c12b1fd4426802f498fa148003a655b
SBS000005,007ccf6c19af738b8ace96f0d94db35b,fa210b87c2fc4d800b50182ba7fea201
SBS000260,65789b137fea10c7bdfd1e85cc881171,11bfd441ea5aa4c54d0abd37fff5651d
SBS000091,1f42382d57169cceea47828d4883e690,2e56eb8612159cba7d8dea7fc8a03d15
SBS000266,6a1e6e99251b2bfb92ee62baa3d3eef4,8336676f72436db272f511db06d9a359
SBS000215,50b07a383823a41cbb5ebf0b00027267,b4c9983ca18f90dfadd46473d5e1e857
SBS000419,ae98c05e612d006fefab534ff8605ebe,5c330ad15d969034c2981c102e03e74d
SBS000543,d754a58829b321b48aa58ed9a64d986e,e1f655587851a485d72d57783c44d827
SBS000134,331f9a1c525683c8601b7bd688f18f41,8620e66eb1208bb01bed99e87932c0b5
SBS000207,4f4545544b8722d127591f954638f4ae,63f86bbd9baae0cd9d32af8b4f30d370
SBS000462,bacfd9ba579f0436362f678106f4d3c8,866588c70c9bcfc556cde618cbbff6d8
SBS000159,3b6500b3b3a109d2e583856c5b6adce6,58a3173cfe49a5cf1e0458c7be367210
SBS000353,96003ad398140845f2732fb816e769f6,93538693ee276a4a64fc988bb9dc320f
SBS000442,b3a4da3940a4a3f0878f4474e45a9fb2,b3a37fdac74c3123a1539bf3d775d00a
SBS000397,a61d0abdaa30b08608bf4a9b8b5d55bf,fbdabf1808d414902cab1c1e7eebcc45
SBS000612,f183ae75bb24a0ecd355ea0969eb7db1,4154e17ad4fd26b3096696448a6cca20
SBS000311,825dd6da39d78b61eb5f31b91f4f1ade,2cc7c415a8db0cffbd2be90368234f55
SBS000045,0d51f9f3dc6f9c41754f7fd5150d3380,93160c15338d0e5ce828a6867e1629c0
SBS000085,1ca7f1cb05e1a07b3138c172b34490d9,15c9bff0d0784885718a227e73b040f8
SBS000420,aea3ff9fa4461c84a2849a140b0ff77b,5801aeba846e98df22cc1c540cf0fb78
SBS000239,5b6ade481179e2e69eb9beddb8876cff,e5d31927fa24469d31fefd121587f06e
SBS000483,c1dd2ce5a66c7e3e2f90c33bee4ec3a1,9d2d5f6a8a91705c1861be8229d77819
SBS000059,14fee097ca8372cb2bac6281604cc9b2,cf985df88488e00622b808a82ee6b087
SBS000393,a573cb7247e012b67ae3717a24938f4d,609310b366d346458d3982f384d26b81
SBS000352,954be54e2e886d2f50fc747f9fdee01b,b04e8276fe6b35219a571878151262ff
SBS000525,d0e8afe63e2d58ed29922f9c9c3b64c3,52e0fd4917480a5b6a390be173bc8878
SBS000161,3bf1413c405fdff0d397e92c87b8e29a,d0920e202bbb957a32abe0ef08f601be
SBS000158,3b1cd4e4050ee9524a06b5efbe9e033a,56f8d95ed14168bd2424980eea6fa0a9
SBS000505,c8dc6e6a9807f49958880dab90d4a00c,7440d5f8ca87a0b88dec6ef7b428c45b
SBS000445,b4c53f3b763ea0c4ab7b66acbdd98022,28a27f44251dfc276f33af874e8dcfa2
SBS000584,e90ec94359bf8cbec39ea70f675e2ffd,2dc50baca6e2e6bc9dbb54a87ffb81f2
SBS000400,a8d4738fe69f14a7dd3ed96e4351afb0,2f606c0027b31eb526030d4c352e80b5
SBS000334,8c9b146c35014f9a59f20aa7b2d9b1f0,5288fd1afaa70787369a172fc09b539d
SBS000639,fa3d15c696a4c8459dcfc33b3af39ab1,220c7e63e78505d97cab146bb5984097
SBS000571,e4b8a23aff96e0bc4b09214490e00267,c5cd4200c87435ddfd0f632c760b02c5
SBS000629,f5eb3fb4417779f78393a1036e0f6fb4,b8089a6bf05ad21931d1fcd5b20494db
SBS000252,60f2b7b9f4c017625bec266731ee295d,87dcc5ef6feb579fadaa97d2210dc72f
SBS000467,bb444a12b48da1255c2a75f799cb48b9,4f5abb377417efad6ba4953febe59797
SBS000317,840c9cac50a87792967dcc4d669cec80,946152598b782419263f931fdc45a122
SBS000309,800d07620706940f99fa5d14364e2739,3eb5ca840db29e0854cfcb91e7d5362f
SBS000089,1df8e05de943bf13fb7ce125001a3a3f,4e94dc4417600fd11f88f655be26051a
SBS000037,0af610961a053f605994650baa62d496,4339807911365cb64c93e3cde7678179
SBS000465,bb013565e7045d0efedde2bccf03f229,7ec86455208ac2d2cb3ce12549777da1
SBS000068,18439c488f3c2ac04631a9d8a127010d,b404bc95483dbf983fdf37869f5312d3
SBS000101,23a2ceda69c3d81de24805296a1895c3,dd25e974747c865d569c655b71d31435
SBS000631,f665957d71579295f020e72fb37e0d17,fd9bed1975f2043969b2a15e92749b15
SBS000565,e23c39d5b819bff5e1ca5b75a5dbb0a6,ed896a7abfe09c69045c21e3cb510b9d
SBS000576,e69919847dc4a4e8424d568b817f88f0,116442d03791b4ba1ceddd714a01a7de
SBS000142,35d8fde1153f35ba14827b7a8ba30ff6,cdba3a8a39fe68affd2003a10f157f06
SBS000496,c61236246a176ec15cbebd9629bf3d8b,5dbcacbc4afdbe3f4ec449703c8f23d9
SBS000573,e5271fb0e1858218dccdd403d9022b42,c764975ee17daf3902d23befeeefb69c
SBS000120,2b58e5ef4a2b0ca054dcc90be8088907,17f0cbb49339b23b6669dbb434ef3dd5
SBS000216,51e3fa26c9fa2d8c8598819f2a599b3e,192566d1e29e6bd3e69dd1eb2d30a478
SBS000637,f8c5da2362ee8a77f1f3ef566faa71e9,8f3cbec5dd3a69438efb1ec4fe7af805
SBS000499,c61badfb4f30b6750ace2744f72bbb8f,58a61170092f5bf3fc965fa165135373
SBS000633,f75f5395db527c30564a92bfccb6c19d,166f25829f0075591ea85a0f07c6bd9a
SBS000480,c112661e69eb6c9e4b96cba66fc9d247,b8cd56e21565ef84be1deef2fa25a0ac
SBS000020,06531ba5e412928ae89c888522d9fa68,62ec901c13818f2b20a6d30d65d2a63a
SBS000437,b20c24f738db001786c77e5c1bb645c3,834ff546f9d06a2803694af2feef1aa7
SBS000067,17b6f3b1f63b5e38d5a732135aa0d4bb,2130fc52e792fc460616fa50084c992c
SBS000590,eb59f8b5808bd48ae9de79219a71f48c,11b12da3183a1f812957bce2d6260c89
SBS000316,83f47d6196656b3416e533d9c405f901,0647da0989d69db0212224fd26b70922
SBS000219,532488e077c3da2ffd25fb101c3eb666,e9c4d103cab09ac5c9049e4ce6e99f33
SBS000623,f499c378b850e9e410f3e8e90415f644,fbbd3fd31665f5ac583ac6c926ea6c98
SBS000253,619d0a7625d4949298862ca8e7c08406,fc9c4a6d9a26e7ce60c21ca552ccc140
SBS000529,d296062707b05a8ccd3fefe7f2d785d0,617d59f215aa999520e705249b9d03be
SBS000258,6537dc413ba440e037438e2c8c2b2716,8b2ee11862db86efa2904dfcc0b13ad6
SBS000503,c8112410e1b0ad323cfbce8a7c0f59d6,c4f755c121391b02d354560e9e015372
SBS000362,9b1d42c6040a6383983f7bbb3ececf31,cdebc358c9e85dc642caf9c376dd9723
SBS000297,7ab135e59aa52ec82e6b4e3b124107aa,af0863314a8b8f3936c9e3fe00456f0d
SBS000385,a26b7e3ee182b9cba47a4c69b588bc06,b961d13dbf08d9aba268c2c95fe0f2fa
SBS000033,0a273381832425febca13a3231065243,a26489158001049dbc6d03b3d1ad4a8e
SBS000040,0b9318c9fc877665f52351c5858f2e05,9700ea73cbb45cee5707dc01b68a410c
SBS000177,42394baa75c52e889697061874495bae,8af2a4e96d9f9f8269c14bb1f5f703fa
SBS000113,285b47e37319f7014c309e0e77e915ee,3601c0f7c41e83d7243221b40b8c91f8
SBS000424,af69b3bcef0fbb9b9be701b0698e6b75,32c0c62ec125243b39e2d02cda6a1526
SBS000538,d55be0449e73618b318954d8c96aad5f,c40e6a8bf32b54d4860fd9d9f559caac
SBS000380,a0dbc6d1168fac4b4a83cda5ad1c016c,1b87dd2aee30b049749c198d38aa4287
SBS000289,7573fad6f9ce9375691660797ef645b5,089a3734a8735890f51302d306ecfcc5
SBS000339,8d78da3a2ce56289deac35200dabdc72,6130eed337b1ecea9bd535eb09922b73
SBS000265,69ea6c4f32ee505c9e4b602d0528918b,fe9dfc2b06420e238b1acd15bd7e88c4
SBS000025,06e1d7a82a32fd9d36209d8ff6039b73,d70a0e1df17515b9d64124ca9b0451ce
SBS000647,fe47dd81228014a3074341b86467462a,3df33ca62d6a0f3cd20a1da47a7d3bc1
SBS000516,ce46bea980e86e6cc883331d211d68db,3a9e6370d45e978dc98379c91e9a7c61
SBS000502,c80d2cd95c0b664cedaa79718e5a28a5,705d2a2b571f9a8089da3279f1131009
SBS000092,1f4c7d164e169b9848d0782f35c186b5,6590f3dbc14041ecfbeac493cb2b5b42
SBS000278,6f6197e8a7c2ffe2c8186af489c3e12d,4633f8eac74fc265fd73de8ef60fdb7c
SBS000241,5c29574154b9f1a6a8fd734693d4e181,a0f789b002c72b2a33083943a2c685c3
SBS000649,ffb8b85919e52e9d07adcad4747587bf,a5a2899a8bdf7820d03d9c3480b71729
SBS000183,4495de91e934c2b3495ea0e899fb3253,990684963d16957e8192c57eed9edc6f
SBS000129,3065be208ec5a7d4be06c988f04fd2e3,6c74329256e215facb642623671aea64
SBS000268,6b17ac1e8fca30960d049c78935ac91a,f13a07d3b1ca605fb327ef50abc5a4fd
SBS000206,4f038451343abd72afed963c1aa9d1db,6574b377f3056faae5033c346629f2cc
SBS000517,cec0583220253e22031ea5ca2fddfce7,79646f27e88581cd22c8925c058fc929
SBS000414,ac6e25e2cbcfa6160428ddf9afa0af66,09847349fa0c64db77fe813610449480
SBS000274,6d3bc6a52ec055c1392c73dc353efe1b,b1d3399ceaadbc40b3c5d6beafeeee51
SBS000368,9d52b48d1789880dab968fd7a0a159bb,88b8060051eb125cc8ec46d470c79794
SBS000173,3fbeb1cf37e28b517761177064b72d8d,67dc71dd246155811d208f02bd9c0f21
SBS000331,8b3b7d4eec1be565442c0ae8aed4b09c,7a37efffeacb6ec968091fb660d0643d
SBS000416,ae44e8df3cccd19cd333d0357c454a3d,40ade53543b63ce558f1cf896cd8fffc
SBS000052,108306f47f5275b2654c88c852e2ff45,ec4cdc03a73939ec19491e7ed7f9388d
SBS000577,e6a7d84071e18de0d90951b2963ae8c2,d7f05593a748422eae2c15a3dbccb896
SBS000620,f3fed6a3c4cae0824cffb44f8ab95a71,5dbd904b0ba11ccdc459d5cee694fca3
SBS000248,5f6c6cec548dd8631391964c21291e40,75b2339999dab5ca1eac87484848ad7c
SBS000630,f6597d94869e240e07edad6b11a60f72,a354412346f5e4f17c791b733824546c
SBS000233,59c03f1129771db4cee0b974d19408d4,368da5fa301e21763de10e0f5698de4e
SBS000065,16f6a5a371b15c38926cd334a8f691b2,1e01554932bd9dd6e358b9cecba2c619
SBS000200,4d485e58153b6ccb09378bb386bbeb83,0605e438744d3b3600b98eff74508551
SBS000579,e7380bc97e2dc8301e913cb9f54722ce,16510b3d8e36826e79180c6358bb21fc
SBS000610,f0b8cec6a89bfe0d838c32490a62a284,401f9fb8345f5b011768d9a877c3b462
SBS000626,f56a73dd681b99e834439e80443e2e15,552cf79ca1e2cb7604bd707e3cb4599e
SBS000181,432e2cefe26c60e2d3633fb0d5deefbd,b47a42435a05f1085d793f5498183a31
SBS000103,23f0a9a592a9f1f9e326f2996ad3793f,42e81a0b3a3a08735fba5853361686bd
SBS000012,0327e45e7e22890225d3226b22d71b99,2e041196209463673a1f705578cab020
SBS000369,9d5346f2904ac0ff13588be647e47357,13fab77e0ec3616f639b0db65147ac6b
SBS000044,0c9caa40abe0fd28496cdd6d9a81f61f,42dd6d89d8ce3f8c7b324d4450f582d0
SBS000398,a73022339400bb09f0fc26851ff8a39b,a33ecb72b470c4a893b7461a4bf67baf
SBS000618,f389cee77608d8c4b59d8b620b14d817,3c1da3912b51c10e3906784518036898
SBS000346,9320f7ecaddbe13bf655b1d88268ae29,05c12d2ca7802cccee06960e70e9d473
SBS000553,ddbbc62ff553ca3fd853afdb68b55d90,74e5e2b1378f18a3388c589881f5ea79
SBS000365,9c3dd981d7c938573b5dd199a421c44a,846b2059fa2e4ef699a3a2e93d529202
SBS000097,217c8b9b2adad906bfd19c1ff8c17a4b,c5ed736988496926b158d2d40322778c
SBS000083,1bdabd2192c3d72927f5d1dfca9bc792,6fee443009aba321aa17c9ee0a03478b
SBS000049,0fd360c20a12bd1c1c7f45626577b037,83d4e0ab014bcefee7c291085459372a
SBS000021,066ebaf6400eb16254f270202a997a09,5b06037f2f9b7180d5e072b13c62eca8
SBS000607,ef0a9080090b57a10ec8ff70ecd7095d,eab3625c3888cebdcd910d74eecd11a6
SBS000405,a9a20c09bbfc3a33e73f0ae40dad6eb3,5d73301e9549425f18d2f7bf3efe98f2
SBS000474,bddc6d96c228faf9099d28d07f8434fb,26da2d9aa3c26c3e2ef525af929c9f7e
SBS000490,c3f04c708c5baf48b1be58f624ca65be,61072405cc1bc1807864ec16fff17e13
SBS000022,06bebc5cd5695dd76c65422478813a1b,7fa51b24981a3820d51a235c365da97c
SBS000273,6d3568bbc8e762c100eed1374c7053ff,7fcfb6d84d777b2a58db1d5556d650f5
SBS000536,d4e235a553e795559e4b3c43af736c3b,877f867888d412ffb2a9f8a929eb874c
SBS000468,bb82c3ad01e46a57978311da56a52530,3712d31cc98630df037649f9bef01a95
SBS000254,62415769c9fe49e53f0d68be7734b2da,d539fad27633f2ff6885ee0dbf0cf9a5
SBS000294,789c159b8f2fb0ed7512705ea9d9fc89,a3861c67772b267a5e7b87a27b4b0356
SBS000094,1ff1a09195456f5c68972c369d31c483,75166b342d67645e14d6ac3744984174
SBS000164,3cbd50edb06c82a419ab5fce5a9ac084,475d02ce6a11976120097c0e05a4aeec
SBS000238,5b3f2f292f4225b8438b422c4ecb979a,540c34ddb6ec47e117b36c7b2f9e8eb0
SBS000034,0a84daac08970999fbe6879974c9e5da,59f46a20492dc265871a31a3a05ce171
SBS000636,f8ade07d371b2c6c1d98961daf7346fd,394f922b5f63d4a237262223c20b8784
SBS000226,5587948bdd22ef9953a04868c4c858cd,f64c0ff60a5fc4f83e9aa6d39ff1da3f
SBS000223,54184c173a7a332b0c12caa914508534,3da42191ef04d1232b91560962c9cc9c
SBS000439,b325a046791078e81dd8a456a379d2ce,3801a82a6dfce34f38f290b670ecdf38
SBS000427,afd6dc162409be9e35081cf3dd695614,925d856018141f7809adca8854392765
SBS000370,9d8027df2c8ddb23d60db01e47607ae5,1d1be752502aebd96846f71a484912e0
SBS000133,32fe5bf393f17fc596b20591d7d7fc9e,d3683104d1047fca906f4ecc6214f78f
SBS000475,bee323910781fdea308db3c2fc96318e,d3dee73c1833c80bf7064e519a7e1ba8
SBS000532,d34556b4d303ab33ab96e2c303bd3058,a72044874a4efffbd1113d634c1ecfc9
SBS000064,16ad9d5b4ee8ae0403a883c69d0719e0,4be701ee353e7135912967f62932ed06
SBS000407,aa8ce21482ec1cd160265fc9273ac745,2922d7d3ebdde504653a0dd1dde92c79
SBS000548,da56b8938fcba1ba6196a114e3a1e0fc,05ed42d1fbcb9fa81c833bf07d19514f
SBS000387,a37a37e95167b1771464133508a3753f,61e35ce86d1049ceaa906feb47965891
SBS000069,18bf3e149953699f8fe8c45e45370a02,dbedd5c2627fa0d0977e588799187311
SBS000178,423e858759fb88b62a500b228c343607,b2b1734ef68f619b06f5c47686ecf163
SBS000509,cbb0fe8863177cd6859eea385e2a3559,e33a11861a65f9a814e2cb36a3fb4592
SBS000298,7b5aae15e1fa0e62dbd10d91690bca18,294fddf338dc0996626b1b83cff2a832
SBS000507,c90f188aee473c26b17b4fd6e6129752,079effe6bbeaf6d6e79838c2857156a4
SBS000602,ee25fc53dc22b3e2bdab83d33d85f370,907c9b9fdf243fb8a2d500d4b74bd225
SBS000279,6fcc0c5d063dd2b83279810639ecc060,44e17f242f5f237c4d252a1cd49faf66
SBS000493,c492f0c0b4725441d7d66aae9f273308,0bf37b6ebf5e10f88c641ff2635357c0
SBS000170,3ed4db0928910090076641c58bc9a962,a36fe0483b147a37c2827788ba0b6c69
SBS000564,e21ee1c9d888e75fab759f75a6b9126b,a158a46ed62bbae0216b36b03863cc02
SBS000506,c8ed194aa1b93f345ea2673c3961b4e8,7eef7152d5f6672166f515cfbf473991
SBS000371,9d87635c2f5c2f6defb5edb550ab75ed,27bda809e479f5ee470250399d56f622
SBS000300,7bcf2bf5a6bd3486acdb5b578b248aa3,8ca448a019540cd22670ef398f82f719
SBS000308,7f4271e10c059f88627d18e04f4ac805,8a55436e2747d57e61bd20531a37c989
SBS000388,a47c4a0a663496f53dd2c7456907a839,74d2cbeace2d28effc9054a5dca77a9f
SBS000078,1b0e26840752f7b84de6fd5c3b7e3d41,ca01b7339ffab90dd15d660d4e0be0e2
SBS000290,762547ca05e950633f58effc227fbdc7,d618dea4a2b357ab6e0277c96979a5d1
SBS000477,bfc1365c37915b09cf0d1c2abe21b60b,8700e4503f3d6e9dcbe4a503892ba5d3
SBS000563,e1dec353e07fff8139dcb7d5c2945dde,8db6f95ac9c922c06163403d64106f31
SBS000115,28e63762d88bf6ca05fb0f22b39abd82,1ae9fad005ca1f899cb0314711b63dd8
SBS000534,d45f3657beba7ad52153a4304f07f2c0,b57daa66a1840914481d225f1d21ae43
SBS000138,34f360659c17802662ae468f0e72f5b4,7cb8fb087ca83aa20e5b797e27e0f10e
SBS000487,c323cdd56ada35d818a134a223dc6f05,1a491480e4bfdff2620568e85ea05c4b
SBS000080,1b661959d8d68fc624e80dc88042ae15,45d94754e54c36a51ecaed0afd45aa8e
SBS000567,e291a712dada81e6d16bc38c01e8ce35,a995c6f3b75a7fec215933ee01d74cac
SBS000227,56a21ab9cc3a8d41bdf8b2f1b1b04ecc,fbda5d308ab789333b55efd975c09f22
SBS000521,d0265f35804e8c93ef1823a3657d020e,042d4549ea6b99ef40539b5a8e68cbd7
SBS000396,a616612e5048adc5a6deb3e8476e1537,70b1f5999952fd909b2fa42da540fd29
SBS000376,9f453cb95f3819d162d3690431de4c43,9528f65901577b57cfbd727d32c84856
SBS000500,c6b279d226e2fc8b3162d983838761fe,1b1f9168422e89725d77eb3ee372d380
SBS000585,e958df52ba1bcbd1956b6ac3268b48e6,8b4986d03d271efaf36e4b38a640bb72
SBS000126,2d7c21839da2b41705154960b28564b3,a7814181cfe88b48ff1862517df7018f
SBS000454,b92c9cecc688270d19dfbba61aaf4b1f,94762968ec75d597a45c64a6988ccc54
SBS000441,b35e3361d979a0eb671fbb6f72e94a3c,748fe3719c770f56c9c807852842fb7b
SBS000470,bc0cfc428f28469466e692b4ee35a049,711216d9ac7a8281f750d7786d0a50fd
SBS000609,f0b1837e607bb7b6bed83d290668ed3a,a4b878ad0dc147d20c6a9be3b9977764
SBS000466,bb3f3eb55318f79d4e433bd24f53d630,c5a209203a619066536fd36095e03304
SBS000343,900a538576fb88d046c7b4819d249327,1188dbb6dc83380609a97f2edad94673
SBS000251,60c7bf1a5624ed9044ab09ca34af7741,f65fdc35cefa2ac47e66772c147195d2
SBS000551,dcc08b6a586c12d2bfa3a4ce709a8aea,73350f10668ebf22b8ac3daee2f09f6c
SBS000043,0c976554b12bb4f8af8e49f0867e5210,01e0d8526b267af9226ebf3e28249a50
SBS000191,487d9021c12f9a02a74326b935aa0340,a135e6dcdbba4e21b1ec106f95753d3b
SBS000432,b15651fb0819b1f339d557db71dd2f89,86a24e5719fd1b2d7010791400d9b1e6
SBS000329,8adeff16f8cd25c7d557498d055bad00,d60524680d444e15ad03bd4b7f8f48be
SBS000539,d570dc43c2431197a04aa946fa682450,2cb46be49ebbabf369e6216c1f1b4beb
SBS000373,9e6300e84bb977aca02e4b730b005334,56b954463683da001680dc023fc2aaad
SBS000228,56d50afb4428470b103855d54d401573,11fd0f2353f2f66081402d2b1cfbe5c7
